<?xml version="1.0" encoding="UTF-8"?><CodeSystem xmlns="http://hl7.org/fhir"><id value="CSReligion"/><text><status value="generated"/><div xmlns="http://www.w3.org/1999/xhtml"><p>This code system <code>http://pronovasalud.cl/fhir/prohis/CodeSystem/CSReligion</code> defines the following codes:</p><table class="codes"><tr><td style="white-space:nowrap"><b>Code</b></td><td><b>Display</b></td></tr><tr><td style="white-space:nowrap">1<a name="CSReligion-1"> </a></td><td>Catolica</td></tr><tr><td style="white-space:nowrap">2<a name="CSReligion-2"> </a></td><td>Evangélica</td></tr><tr><td style="white-space:nowrap">3<a name="CSReligion-3"> </a></td><td>Testigo de Jehová</td></tr><tr><td style="white-space:nowrap">4<a name="CSReligion-4"> </a></td><td>Judaica</td></tr><tr><td style="white-space:nowrap">5<a name="CSReligion-5"> </a></td><td>Mormón</td></tr><tr><td style="white-space:nowrap">6<a name="CSReligion-6"> </a></td><td>Musulmana</td></tr><tr><td style="white-space:nowrap">7<a name="CSReligion-7"> </a></td><td>Ortodoxa</td></tr><tr><td style="white-space:nowrap">8<a name="CSReligion-8"> </a></td><td>Otra religión o credo</td></tr><tr><td style="white-space:nowrap">9<a name="CSReligion-9"> </a></td><td>Ninguna, ateo, agnóstico</td></tr><tr><td style="white-space:nowrap">99<a name="CSReligion-99"> </a></td><td>Desconocido</td></tr></table></div></text><url value="http://pronovasalud.cl/fhir/prohis/CodeSystem/CSReligion"/><version value="0.1.0"/><name value="CSReligion"/><title value="Religiones o Cultos"/><status value="active"/><experimental value="true"/><date value="2022-01-18T00:00:00-03:00"/><publisher value="ProNovaSalud"/><contact><name value="ProNovaSalud"/><telecom><system value="url"/><value value="www.pronovasalud.cl"/></telecom><telecom><system value="email"/><value value="cesar.galindo@uv.cl"/></telecom></contact><description value="Códigos de Religiones o Cultos declarados"/><jurisdiction><coding><system value="urn:iso:std:iso:3166"/><code value="CL"/><display value="Chile"/></coding></jurisdiction><caseSensitive value="true"/><content value="complete"/><count value="10"/><concept><code value="1"/><display value="Catolica"/></concept><concept><code value="2"/><display value="Evangélica"/></concept><concept><code value="3"/><display value="Testigo de Jehová"/></concept><concept><code value="4"/><display value="Judaica"/></concept><concept><code value="5"/><display value="Mormón"/></concept><concept><code value="6"/><display value="Musulmana"/></concept><concept><code value="7"/><display value="Ortodoxa"/></concept><concept><code value="8"/><display value="Otra religión o credo"/></concept><concept><code value="9"/><display value="Ninguna, ateo, agnóstico"/></concept><concept><code value="99"/><display value="Desconocido"/></concept></CodeSystem>