<?xml version="1.0" encoding="UTF-8"?><CodeSystem xmlns="http://hl7.org/fhir"><id value="CSUCursoAprobado"/><text><status value="generated"/><div xmlns="http://www.w3.org/1999/xhtml"><p>This code system <code>http://pronovasalud.cl/fhir/prohis/CodeSystem/CSUCursoAprobado</code> defines the following codes:</p><table class="codes"><tr><td style="white-space:nowrap"><b>Code</b></td><td><b>Display</b></td></tr><tr><td style="white-space:nowrap">0<a name="CSUCursoAprobado-0"> </a></td><td>Sin Curso</td></tr><tr><td style="white-space:nowrap">1<a name="CSUCursoAprobado-1"> </a></td><td>1o Básico</td></tr><tr><td style="white-space:nowrap">2<a name="CSUCursoAprobado-2"> </a></td><td>2o Básico</td></tr><tr><td style="white-space:nowrap">3<a name="CSUCursoAprobado-3"> </a></td><td>3ro Básico</td></tr><tr><td style="white-space:nowrap">4<a name="CSUCursoAprobado-4"> </a></td><td>4o Básico</td></tr><tr><td style="white-space:nowrap">5<a name="CSUCursoAprobado-5"> </a></td><td>5o Básico</td></tr><tr><td style="white-space:nowrap">6<a name="CSUCursoAprobado-6"> </a></td><td>6o Básico</td></tr><tr><td style="white-space:nowrap">7<a name="CSUCursoAprobado-7"> </a></td><td>7mo Básico</td></tr><tr><td style="white-space:nowrap">8<a name="CSUCursoAprobado-8"> </a></td><td>8vo Básico</td></tr></table></div></text><url value="http://pronovasalud.cl/fhir/prohis/CodeSystem/CSUCursoAprobado"/><version value="0.1.0"/><name value="CSUCursoAprobado"/><title value="Ultimo Curso Aprobado"/><status value="active"/><experimental value="true"/><date value="2022-01-18T00:00:00-03:00"/><publisher value="ProNovaSalud"/><contact><name value="ProNovaSalud"/><telecom><system value="url"/><value value="www.pronovasalud.cl"/></telecom><telecom><system value="email"/><value value="cesar.galindo@uv.cl"/></telecom></contact><description value="Categoría del último curso aprobado"/><jurisdiction><coding><system value="urn:iso:std:iso:3166"/><code value="CL"/><display value="Chile"/></coding></jurisdiction><caseSensitive value="true"/><content value="complete"/><count value="9"/><concept><code value="0"/><display value="Sin Curso"/></concept><concept><code value="1"/><display value="1o Básico"/></concept><concept><code value="2"/><display value="2o Básico"/></concept><concept><code value="3"/><display value="3ro Básico"/></concept><concept><code value="4"/><display value="4o Básico"/></concept><concept><code value="5"/><display value="5o Básico"/></concept><concept><code value="6"/><display value="6o Básico"/></concept><concept><code value="7"/><display value="7mo Básico"/></concept><concept><code value="8"/><display value="8vo Básico"/></concept></CodeSystem>