<?xml version="1.0" encoding="UTF-8"?><ValueSet xmlns="http://hl7.org/fhir"><id value="VSPuebloIndigena"/><text><status value="generated"/><div xmlns="http://www.w3.org/1999/xhtml"><ul><li>Include all codes defined in <a href="CodeSystem-CSPuebloIndigena.html"><code>http://pronovasalud.cl/fhir/prohis/CodeSystem/CSPuebloIndigena</code></a></li></ul></div></text><url value="http://pronovasalud.cl/fhir/prohis/ValueSet/VSPuebloIndigena"/><version value="0.1.0"/><name value="VSPuebloIndigena"/><title value="Pueblo Indígena u Originarioi"/><status value="active"/><experimental value="true"/><date value="2022-01-18T00:00:00-03:00"/><publisher value="ProNovaSalud"/><contact><name value="ProNovaSalud"/><telecom><system value="url"/><value value="www.pronovasalud.cl"/></telecom><telecom><system value="email"/><value value="cesar.galindo@uv.cl"/></telecom></contact><description value="Los Pueblos Indígenas u Originarios en Chile, son los descendientes de las agrupaciones humanas que existen en el territorio nacional desde tiempos precolombinos"/><jurisdiction><coding><system value="urn:iso:std:iso:3166"/><code value="CL"/><display value="Chile"/></coding></jurisdiction><compose><include><system value="http://pronovasalud.cl/fhir/prohis/CodeSystem/CSPuebloIndigena"/></include></compose></ValueSet>