{
  "resourceType" : "CodeSystem",
  "id" : "CSIdentidadGenero",
  "text" : {
    "status" : "generated",
    "div" : "<div xmlns=\"http://www.w3.org/1999/xhtml\"><p>This code system <code>http://pronovasalud.cl/fhir/prohis/CodeSystem/CSIdentidadGenero</code> defines the following codes:</p><table class=\"codes\"><tr><td style=\"white-space:nowrap\"><b>Code</b></td><td><b>Display</b></td><td><b>Definition</b></td></tr><tr><td style=\"white-space:nowrap\">1<a name=\"CSIdentidadGenero-1\"> </a></td><td>Masculino</td><td>La persona de sexo Hombre asignado al nacer, que se identifica a sí misma como de género masculino. También se le conoce como cisgénero masculino</td></tr><tr><td style=\"white-space:nowrap\">2<a name=\"CSIdentidadGenero-2\"> </a></td><td>Femenina</td><td>La persona de sexo “ujer asignado al nacer, que se identifica a sí misma como de género femenina. También se le conoce como cisgénero femenina</td></tr><tr><td style=\"white-space:nowrap\">4<a name=\"CSIdentidadGenero-4\"> </a></td><td>Transgénero Masculino</td><td>La persona de sexo Mujer asignado al nacer, que se identifica a sí misma como de género masculino.</td></tr><tr><td style=\"white-space:nowrap\">5<a name=\"CSIdentidadGenero-5\"> </a></td><td>Transgénero Femenina</td><td>La persona de sexo Hombre asignado al nacer, que se identifica a sí misma como de género femenina.</td></tr><tr><td style=\"white-space:nowrap\">6<a name=\"CSIdentidadGenero-6\"> </a></td><td>No binarie</td><td>La persona que no se identifica con ninguno de los géneros convencionales (femenina o masculino).</td></tr><tr><td style=\"white-space:nowrap\">7<a name=\"CSIdentidadGenero-7\"> </a></td><td>Otra</td><td>Otra identidad de género no descrita previamente.</td></tr><tr><td style=\"white-space:nowrap\">8<a name=\"CSIdentidadGenero-8\"> </a></td><td>No Revelado</td><td>La persona no desea revelar su identidad de género</td></tr></table></div>"
  },
  "url" : "http://pronovasalud.cl/fhir/prohis/CodeSystem/CSIdentidadGenero",
  "version" : "0.1.0",
  "name" : "CSIdentidadGenero",
  "title" : "Códigos para Identidad de Género",
  "status" : "active",
  "experimental" : true,
  "date" : "2022-01-18T00:00:00-03:00",
  "publisher" : "ProNovaSalud",
  "contact" : [{
    "name" : "ProNovaSalud",
    "telecom" : [{
      "system" : "url",
      "value" : "www.pronovasalud.cl"
    },
    {
      "system" : "email",
      "value" : "cesar.galindo@uv.cl"
    }]
  }],
  "description" : "Códigos para Identidad de Género DEIS",
  "jurisdiction" : [{
    "coding" : [{
      "system" : "urn:iso:std:iso:3166",
      "code" : "CL",
      "display" : "Chile"
    }]
  }],
  "caseSensitive" : true,
  "content" : "complete",
  "count" : 7,
  "concept" : [{
    "code" : "1",
    "display" : "Masculino",
    "definition" : "La persona de sexo Hombre asignado al nacer, que se identifica a sí misma como de género masculino. También se le conoce como cisgénero masculino"
  },
  {
    "code" : "2",
    "display" : "Femenina",
    "definition" : "La persona de sexo “ujer asignado al nacer, que se identifica a sí misma como de género femenina. También se le conoce como cisgénero femenina"
  },
  {
    "code" : "4",
    "display" : "Transgénero Masculino",
    "definition" : "La persona de sexo Mujer asignado al nacer, que se identifica a sí misma como de género masculino."
  },
  {
    "code" : "5",
    "display" : "Transgénero Femenina",
    "definition" : "La persona de sexo Hombre asignado al nacer, que se identifica a sí misma como de género femenina."
  },
  {
    "code" : "6",
    "display" : "No binarie",
    "definition" : "La persona que no se identifica con ninguno de los géneros convencionales (femenina o masculino)."
  },
  {
    "code" : "7",
    "display" : "Otra",
    "definition" : "Otra identidad de género no descrita previamente."
  },
  {
    "code" : "8",
    "display" : "No Revelado",
    "definition" : "La persona no desea revelar su identidad de género"
  }]
}