{
  "resourceType" : "CodeSystem",
  "id" : "CSSexoBiologico",
  "text" : {
    "status" : "generated",
    "div" : "<div xmlns=\"http://www.w3.org/1999/xhtml\"><p>This code system <code>http://pronovasalud.cl/fhir/prohis/CodeSystem/CSSexoBiologico</code> defines the following codes:</p><table class=\"codes\"><tr><td style=\"white-space:nowrap\"><b>Code</b></td><td><b>Display</b></td><td><b>Definition</b></td></tr><tr><td style=\"white-space:nowrap\">1<a name=\"CSSexoBiologico-1\"> </a></td><td>Hombre</td><td>Persona que al nacer se observa anatómicamente que tiene a nivel genital pene, escroto y/o testículos.</td></tr><tr><td style=\"white-space:nowrap\">2<a name=\"CSSexoBiologico-2\"> </a></td><td>Mujer</td><td>Persona que al nacerse se observa anatómicamente que tiene a nivel genital vulva u orificio vaginal.</td></tr><tr><td style=\"white-space:nowrap\">3<a name=\"CSSexoBiologico-3\"> </a></td><td>Intersexual</td><td>Persona que al nacer se observa variaciones anatómicas en los órganos genitales del cuerpo que no permite clasificar de forma dicotómica en hombre o mujer. No constituye un tercer sexo.</td></tr><tr><td style=\"white-space:nowrap\">99<a name=\"CSSexoBiologico-99\"> </a></td><td>Desconocido</td><td>No es posible determinarlo al momento de la atención de salud.</td></tr></table></div>"
  },
  "url" : "http://pronovasalud.cl/fhir/prohis/CodeSystem/CSSexoBiologico",
  "version" : "0.1.0",
  "name" : "CSSexoBiologico",
  "title" : "Códigos para Sexo de Nacimiento de Paciente",
  "status" : "active",
  "experimental" : true,
  "date" : "2022-01-18T00:00:00-03:00",
  "publisher" : "ProNovaSalud",
  "contact" : [{
    "name" : "ProNovaSalud",
    "telecom" : [{
      "system" : "url",
      "value" : "www.pronovasalud.cl"
    },
    {
      "system" : "email",
      "value" : "cesar.galindo@uv.cl"
    }]
  }],
  "description" : "Codigos definidos para el sexo de nacimiento de un paciente en Chile",
  "jurisdiction" : [{
    "coding" : [{
      "system" : "urn:iso:std:iso:3166",
      "code" : "CL",
      "display" : "Chile"
    }]
  }],
  "caseSensitive" : true,
  "content" : "complete",
  "count" : 4,
  "concept" : [{
    "code" : "1",
    "display" : "Hombre",
    "definition" : "Persona que al nacer se observa anatómicamente que tiene a nivel genital pene, escroto y/o testículos."
  },
  {
    "code" : "2",
    "display" : "Mujer",
    "definition" : "Persona que al nacerse se observa anatómicamente que tiene a nivel genital vulva u orificio vaginal."
  },
  {
    "code" : "3",
    "display" : "Intersexual",
    "definition" : "Persona que al nacer se observa variaciones anatómicas en los órganos genitales del cuerpo que no permite clasificar de forma dicotómica en hombre o mujer. No constituye un tercer sexo."
  },
  {
    "code" : "99",
    "display" : "Desconocido",
    "definition" : "No es posible determinarlo al momento de la atención de salud."
  }]
}