<?xml version="1.0" encoding="UTF-8"?>

<CodeSystem xmlns="http://hl7.org/fhir">
  <id value="CSPuebloIndigena"/>
  <text>
    <status value="generated"/><div xmlns="http://www.w3.org/1999/xhtml"><p>This code system <code>http://pronovasalud.cl/fhir/prohis/CodeSystem/CSPuebloIndigena</code> defines the following codes:</p><table class="codes"><tr><td style="white-space:nowrap"><b>Code</b></td><td><b>Display</b></td></tr><tr><td style="white-space:nowrap">1<a name="CSPuebloIndigena-1"> </a></td><td>Mapuche</td></tr><tr><td style="white-space:nowrap">2<a name="CSPuebloIndigena-2"> </a></td><td>Aymara</td></tr><tr><td style="white-space:nowrap">3<a name="CSPuebloIndigena-3"> </a></td><td>Rapa Nui o Pascuense</td></tr><tr><td style="white-space:nowrap">4<a name="CSPuebloIndigena-4"> </a></td><td>Lickanantay</td></tr><tr><td style="white-space:nowrap">5<a name="CSPuebloIndigena-5"> </a></td><td>Quechua</td></tr><tr><td style="white-space:nowrap">6<a name="CSPuebloIndigena-6"> </a></td><td>Colla</td></tr><tr><td style="white-space:nowrap">7<a name="CSPuebloIndigena-7"> </a></td><td>Diaguita</td></tr><tr><td style="white-space:nowrap">8<a name="CSPuebloIndigena-8"> </a></td><td>Kawésqar</td></tr><tr><td style="white-space:nowrap">9<a name="CSPuebloIndigena-9"> </a></td><td>Yagán</td></tr><tr><td style="white-space:nowrap">11<a name="CSPuebloIndigena-11"> </a></td><td>Chango</td></tr><tr><td style="white-space:nowrap">10<a name="CSPuebloIndigena-10"> </a></td><td>Desconocido</td></tr></table></div>
  </text>
  <url value="http://pronovasalud.cl/fhir/prohis/CodeSystem/CSPuebloIndigena"/>
  <version value="0.1.0"/>
  <name value="CSPuebloIndigena"/>
  <title value="Pueblo Indígena u Originarioi"/>
  <status value="active"/>
  <experimental value="true"/>
  <date value="2022-01-18T00:00:00-03:00"/>
  <publisher value="ProNovaSalud"/>
  <contact>
    <name value="ProNovaSalud"/>
    <telecom>
      <system value="url"/>
      <value value="www.pronovasalud.cl"/>
    </telecom>
    <telecom>
      <system value="email"/>
      <value value="cesar.galindo@uv.cl"/>
    </telecom>
  </contact>
  <description value="Los Pueblos Indígenas u Originarios en Chile, son los descendientes de las agrupaciones humanas que existen en el territorio nacional desde tiempos precolombinos"/>
  <jurisdiction>
    <coding>
      <system value="urn:iso:std:iso:3166"/>
      <code value="CL"/>
      <display value="Chile"/>
    </coding>
  </jurisdiction>
  <caseSensitive value="true"/>
  <content value="complete"/>
  <count value="11"/>
  <concept>
    <code value="1"/>
    <display value="Mapuche"/>
  </concept>
  <concept>
    <code value="2"/>
    <display value="Aymara"/>
  </concept>
  <concept>
    <code value="3"/>
    <display value="Rapa Nui o Pascuense"/>
  </concept>
  <concept>
    <code value="4"/>
    <display value="Lickanantay"/>
  </concept>
  <concept>
    <code value="5"/>
    <display value="Quechua"/>
  </concept>
  <concept>
    <code value="6"/>
    <display value="Colla"/>
  </concept>
  <concept>
    <code value="7"/>
    <display value="Diaguita"/>
  </concept>
  <concept>
    <code value="8"/>
    <display value="Kawésqar"/>
  </concept>
  <concept>
    <code value="9"/>
    <display value="Yagán"/>
  </concept>
  <concept>
    <code value="11"/>
    <display value="Chango"/>
  </concept>
  <concept>
    <code value="10"/>
    <display value="Desconocido"/>
  </concept>
</CodeSystem>