{
  "package": "fhir.pronova.his",
  "version": "0.1.0",
  "fhirVersion": "4.0.1",
  "extensions": [
    {
      "url": "http://pronovasalud.cl/fhir/prohis/StructureDefinition/IdentidadGenero",
      "title": "Identidad de Género",
      "types": [
        "code",
        "code"
      ]
    },
    {
      "url": "http://pronovasalud.cl/fhir/prohis/StructureDefinition/NivelInstrucion",
      "title": "Nivel Instrucción",
      "types": [
        "CodeableConcept",
        "CodeableConcept",
        "string",
        "Extension",
        "Coding",
        "string",
        "Extension",
        "uri",
        "string",
        "code",
        "string",
        "boolean",
        "string",
        "CodeableConcept",
        "CodeableConcept",
        "string",
        "Extension",
        "Coding",
        "string",
        "Extension",
        "uri",
        "string",
        "code",
        "string",
        "boolean",
        "string",
        "base64Binary",
        "boolean",
        "canonical",
        "code",
        "date",
        "dateTime",
        "decimal",
        "id",
        "instant",
        "integer",
        "markdown",
        "oid",
        "positiveInt",
        "string",
        "time",
        "unsignedInt",
        "uri",
        "url",
        "uuid",
        "Address",
        "Age",
        "Annotation",
        "Attachment",
        "CodeableConcept",
        "Coding",
        "ContactPoint",
        "Count",
        "Distance",
        "Duration",
        "HumanName",
        "Identifier",
        "Money",
        "Period",
        "Quantity",
        "Range",
        "Ratio",
        "Reference",
        "SampledData",
        "Signature",
        "Timing",
        "ContactDetail",
        "Contributor",
        "DataRequirement",
        "Expression",
        "ParameterDefinition",
        "RelatedArtifact",
        "TriggerDefinition",
        "UsageContext",
        "Dosage",
        "Meta"
      ]
    },
    {
      "url": "http://pronovasalud.cl/fhir/prohis/StructureDefinition/NombreSocial",
      "title": "Nombre Social de Paciente",
      "types": [
        "string"
      ]
    },
    {
      "url": "http://pronovasalud.cl/fhir/prohis/StructureDefinition/PueblosIndigenas",
      "title": "Extensión de Pueblos Indígenas u Origenarios",
      "types": [
        "CodeableConcept",
        "CodeableConcept",
        "string",
        "Extension",
        "Coding",
        "string",
        "Extension",
        "uri",
        "string",
        "code",
        "string",
        "boolean",
        "string",
        "string",
        "base64Binary",
        "boolean",
        "canonical",
        "code",
        "date",
        "dateTime",
        "decimal",
        "id",
        "instant",
        "integer",
        "markdown",
        "oid",
        "positiveInt",
        "string",
        "time",
        "unsignedInt",
        "uri",
        "url",
        "uuid",
        "Address",
        "Age",
        "Annotation",
        "Attachment",
        "CodeableConcept",
        "Coding",
        "ContactPoint",
        "Count",
        "Distance",
        "Duration",
        "HumanName",
        "Identifier",
        "Money",
        "Period",
        "Quantity",
        "Range",
        "Ratio",
        "Reference",
        "SampledData",
        "Signature",
        "Timing",
        "ContactDetail",
        "Contributor",
        "DataRequirement",
        "Expression",
        "ParameterDefinition",
        "RelatedArtifact",
        "TriggerDefinition",
        "UsageContext",
        "Dosage",
        "Meta"
      ]
    },
    {
      "url": "http://pronovasalud.cl/fhir/prohis/StructureDefinition/ReligionesCultos",
      "title": "Extensión que define Religion o Culto",
      "types": [
        "CodeableConcept",
        "CodeableConcept",
        "string",
        "Extension",
        "Coding",
        "string",
        "Extension",
        "uri",
        "string",
        "code",
        "string",
        "boolean",
        "string"
      ]
    },
    {
      "url": "http://pronovasalud.cl/fhir/prohis/StructureDefinition/SexoNacimiento820",
      "title": "Sexo biológico al nacer",
      "types": [
        "code",
        "code"
      ]
    },
    {
      "url": "http://pronovasalud.cl/fhir/prohis/StructureDefinition/SexoReg",
      "title": "Sexo Registral",
      "types": [
        "code",
        "code"
      ]
    }
  ],
  "profiles": {
    "Observation": [
      {
        "url": "http://pronovasalud.cl/fhir/prohis/StructureDefinition/Educacion",
        "title": "Nivel Educacional"
      },
      {
        "url": "http://pronovasalud.cl/fhir/prohis/StructureDefinition/ObsPesoPediatrico",
        "title": "Peso medido al momento de nacer"
      },
      {
        "url": "http://pronovasalud.cl/fhir/prohis/StructureDefinition/Ocupaciones",
        "title": "Aspectos Laborales"
      }
    ],
    "Patient": [
      {
        "url": "http://pronovasalud.cl/fhir/prohis/StructureDefinition/PacienteHLF",
        "title": "PacienteHLF"
      }
    ]
  },
  "usage": {
    "http://hl7.org/fhir/StructureDefinition/elementdefinition-bestpractice": [
      "StructureDefinition.snapshot.element.constraint"
    ],
    "http://hl7.org/fhir/StructureDefinition/elementdefinition-bestpractice-explanation": [
      "StructureDefinition.snapshot.element.constraint"
    ],
    "http://hl7.org/fhir/StructureDefinition/elementdefinition-bindingName": [
      "StructureDefinition.snapshot.element.binding"
    ],
    "http://hl7.org/fhir/StructureDefinition/elementdefinition-isCommonBinding": [
      "StructureDefinition.snapshot.element.binding"
    ],
    "http://hl7.org/fhir/StructureDefinition/elementdefinition-maxValueSet": [
      "StructureDefinition.snapshot.element.binding"
    ],
    "http://hl7.org/fhir/StructureDefinition/elementdefinition-translatable": [
      "StructureDefinition.snapshot.element"
    ],
    "http://hl7.org/fhir/StructureDefinition/humanname-mothers-family": [
      "Patient.contact.name.family"
    ],
    "http://hl7.org/fhir/StructureDefinition/regex": [
      "StructureDefinition.snapshot.element.type"
    ],
    "http://hl7.org/fhir/StructureDefinition/structuredefinition-display-hint": [
      "StructureDefinition.snapshot.element"
    ],
    "http://hl7.org/fhir/StructureDefinition/structuredefinition-explicit-type-name": [
      "StructureDefinition.snapshot.element"
    ],
    "http://hl7.org/fhir/StructureDefinition/structuredefinition-fhir-type": [
      "StructureDefinition.snapshot.element.type"
    ],
    "http://hl7.org/fhir/StructureDefinition/structuredefinition-hierarchy": [
      "StructureDefinition.snapshot.element.type"
    ],
    "http://hl7.org/fhir/StructureDefinition/structuredefinition-standards-status": [
      "StructureDefinition.snapshot.element"
    ],
    "http://hl7.org/fhir/tools/StructureDefinition/ig-internal-dependency": [
      "ImplementationGuide.definition"
    ],
    "http://hl7.org/fhir/tools/StructureDefinition/ig-page-name": [
      "ImplementationGuide.definition.page",
      "ImplementationGuide.definition.page.page"
    ],
    "http://hl7.org/fhir/tools/StructureDefinition/ig-parameter": [
      "ImplementationGuide.definition"
    ],
    "http://hl7.org/fhir/tools/StructureDefinition/implementationguide-dependency-comment": [
      "ImplementationGuide.dependsOn"
    ],
    "http://hl7.org/fhir/tools/StructureDefinition/resource-information": [
      "ImplementationGuide.definition.resource"
    ],
    "http://pronovasalud.cl/fhir/prohis/StructureDefinition/IdentidadGenero": [
      "Patient"
    ],
    "http://pronovasalud.cl/fhir/prohis/StructureDefinition/PueblosIndigenas": [
      "Patient"
    ],
    "http://pronovasalud.cl/fhir/prohis/StructureDefinition/ReligionesCultos": [
      "Patient"
    ],
    "http://pronovasalud.cl/fhir/prohis/StructureDefinition/SexoNacimiento820": [
      "Patient"
    ],
    "http://pronovasalud.cl/fhir/prohis/StructureDefinition/SexoReg": [
      "Patient"
    ],
    "https://hl7chile.cl/fhir/ig/clcore/StructureDefinition/CodigoPaises": [
      "Patient",
      "Patient.identifier.type"
    ],
    "https://hl7chile.cl/fhir/ig/clcore/StructureDefinition/IdContacto": [
      "Patient.contact"
    ],
    "https://hl7chile.cl/fhir/ig/clcore/StructureDefinition/SegundoApellido": [
      "Patient.name.family"
    ]
  }
}