{"resourceType":"CodeSystem","id":"CSOcupaciones","text":{"status":"generated","div":"<div xmlns=\"http://www.w3.org/1999/xhtml\"><p>This code system <code>http://pronovasalud.cl/fhir/prohis/CodeSystem/CSOcupaciones</code> defines the following codes:</p><table class=\"codes\"><tr><td style=\"white-space:nowrap\"><b>Code</b></td><td><b>Display</b></td></tr><tr><td style=\"white-space:nowrap\">1<a name=\"CSOcupaciones-1\"> </a></td><td>Miembro del Poder Ejecutivo de los Cuerpos Legislativos, Personal Directivo de la Administración Pública y de Empresa.</td></tr><tr><td style=\"white-space:nowrap\">2<a name=\"CSOcupaciones-2\"> </a></td><td>Profesionales Científicos o Intelectuales. </td></tr><tr><td style=\"white-space:nowrap\">3<a name=\"CSOcupaciones-3\"> </a></td><td>Técnicos y Profesionales de Nivel Medio</td></tr><tr><td style=\"white-space:nowrap\">4<a name=\"CSOcupaciones-4\"> </a></td><td>Empleados de Oficina </td></tr><tr><td style=\"white-space:nowrap\">5<a name=\"CSOcupaciones-5\"> </a></td><td>Trabajadores de los Servicios y Vendedores de Comercio y Mercado</td></tr><tr><td style=\"white-space:nowrap\">6<a name=\"CSOcupaciones-6\"> </a></td><td>Agricultores y Trabajadores Calificados Agropecuarios y Pesqueros </td></tr><tr><td style=\"white-space:nowrap\">7<a name=\"CSOcupaciones-7\"> </a></td><td>Oficiales, Operarios y Artesanos de Artes Mecánicas y de Otros Oficios</td></tr><tr><td style=\"white-space:nowrap\">8<a name=\"CSOcupaciones-8\"> </a></td><td>Operadores de Instalaciones y Máquinas y Montadoras </td></tr><tr><td style=\"white-space:nowrap\">9<a name=\"CSOcupaciones-9\"> </a></td><td>Trabajadores No Calificados</td></tr><tr><td style=\"white-space:nowrap\">10<a name=\"CSOcupaciones-10\"> </a></td><td>Fuerzas Armadas </td></tr><tr><td style=\"white-space:nowrap\">99<a name=\"CSOcupaciones-99\"> </a></td><td>Desconocido</td></tr></table></div>"},"url":"http://pronovasalud.cl/fhir/prohis/CodeSystem/CSOcupaciones","version":"0.1.0","name":"CSOcupaciones","title":"Ocupaciones Paciente","status":"active","experimental":true,"date":"2022-01-18T00:00:00-03:00","publisher":"ProNovaSalud","contact":[{"name":"ProNovaSalud","telecom":[{"system":"url","value":"www.pronovasalud.cl"},{"system":"email","value":"cesar.galindo@uv.cl"}]}],"description":"Código asociados a la Ocupación del paciente","jurisdiction":[{"coding":[{"system":"urn:iso:std:iso:3166","code":"CL","display":"Chile"}]}],"caseSensitive":true,"content":"complete","count":11,"concept":[{"code":"1","display":"Miembro del Poder Ejecutivo de los Cuerpos Legislativos, Personal Directivo de la Administración Pública y de Empresa."},{"code":"2","display":"Profesionales Científicos o Intelectuales. "},{"code":"3","display":"Técnicos y Profesionales de Nivel Medio"},{"code":"4","display":"Empleados de Oficina "},{"code":"5","display":"Trabajadores de los Servicios y Vendedores de Comercio y Mercado"},{"code":"6","display":"Agricultores y Trabajadores Calificados Agropecuarios y Pesqueros "},{"code":"7","display":"Oficiales, Operarios y Artesanos de Artes Mecánicas y de Otros Oficios"},{"code":"8","display":"Operadores de Instalaciones y Máquinas y Montadoras "},{"code":"9","display":"Trabajadores No Calificados"},{"code":"10","display":"Fuerzas Armadas "},{"code":"99","display":"Desconocido"}]}